"Benchmark","Mode","Score","Unit","Param: bases","Param: l_n"
"eu.prismacloud.primitives.grs.bench.IssuingBenchmark.SerializeGSBenchmark.issuing","Single shot invocation time","207.780268","ms/op","400","512"
"eu.prismacloud.primitives.grs.bench.IssuingBenchmark.SerializeGSBenchmark.issuing","Single shot invocation time","196.376374","ms/op","400","512"
"eu.prismacloud.primitives.grs.bench.IssuingBenchmark.SerializeGSBenchmark.issuing","Single shot invocation time","198.661845","ms/op","400","512"
"eu.prismacloud.primitives.grs.bench.IssuingBenchmark.SerializeGSBenchmark.issuing","Single shot invocation time","292.568208","ms/op","400","512"
"eu.prismacloud.primitives.grs.bench.IssuingBenchmark.SerializeGSBenchmark.issuing","Single shot invocation time","467.804023","ms/op","400","512"
"eu.prismacloud.primitives.grs.bench.IssuingBenchmark.SerializeGSBenchmark.issuing","Single shot invocation time","235.085573","ms/op","400","512"
"eu.prismacloud.primitives.grs.bench.IssuingBenchmark.SerializeGSBenchmark.issuing","Single shot invocation time","201.855501","ms/op","400","512"
"eu.prismacloud.primitives.grs.bench.IssuingBenchmark.SerializeGSBenchmark.issuing","Single shot invocation time","310.702425","ms/op","400","512"
"eu.prismacloud.primitives.grs.bench.IssuingBenchmark.SerializeGSBenchmark.issuing","Single shot invocation time","390.622522","ms/op","400","512"
"eu.prismacloud.primitives.grs.bench.IssuingBenchmark.SerializeGSBenchmark.issuing","Single shot invocation time","277.337694","ms/op","400","512"
"eu.prismacloud.primitives.grs.bench.IssuingBenchmark.SerializeGSBenchmark.issuing","Single shot invocation time","262.018809","ms/op","400","512"
"eu.prismacloud.primitives.grs.bench.IssuingBenchmark.SerializeGSBenchmark.issuing","Single shot invocation time","203.315582","ms/op","400","512"
"eu.prismacloud.primitives.grs.bench.IssuingBenchmark.SerializeGSBenchmark.issuing","Single shot invocation time","329.269167","ms/op","400","512"
"eu.prismacloud.primitives.grs.bench.IssuingBenchmark.SerializeGSBenchmark.issuing","Single shot invocation time","235.155005","ms/op","400","512"
"eu.prismacloud.primitives.grs.bench.IssuingBenchmark.SerializeGSBenchmark.issuing","Single shot invocation time","283.452014","ms/op","400","512"
"eu.prismacloud.primitives.grs.bench.IssuingBenchmark.SerializeGSBenchmark.issuing","Single shot invocation time","217.680133","ms/op","400","512"
"eu.prismacloud.primitives.grs.bench.IssuingBenchmark.SerializeGSBenchmark.issuing","Single shot invocation time","220.019280","ms/op","400","512"
"eu.prismacloud.primitives.grs.bench.IssuingBenchmark.SerializeGSBenchmark.issuing","Single shot invocation time","332.876459","ms/op","400","512"
"eu.prismacloud.primitives.grs.bench.IssuingBenchmark.SerializeGSBenchmark.issuing","Single shot invocation time","345.494129","ms/op","400","512"
"eu.prismacloud.primitives.grs.bench.IssuingBenchmark.SerializeGSBenchmark.issuing","Single shot invocation time","229.910652","ms/op","400","512"
"eu.prismacloud.primitives.grs.bench.IssuingBenchmark.SerializeGSBenchmark.issuing","Single shot invocation time","217.633843","ms/op","400","512"
"eu.prismacloud.primitives.grs.bench.IssuingBenchmark.SerializeGSBenchmark.issuing","Single shot invocation time","274.041423","ms/op","400","512"
"eu.prismacloud.primitives.grs.bench.IssuingBenchmark.SerializeGSBenchmark.issuing","Single shot invocation time","223.242085","ms/op","400","512"
"eu.prismacloud.primitives.grs.bench.IssuingBenchmark.SerializeGSBenchmark.issuing","Single shot invocation time","305.677997","ms/op","400","512"
"eu.prismacloud.primitives.grs.bench.IssuingBenchmark.SerializeGSBenchmark.issuing","Single shot invocation time","238.683226","ms/op","400","512"
"eu.prismacloud.primitives.grs.bench.IssuingBenchmark.SerializeGSBenchmark.issuing","Single shot invocation time","239.630104","ms/op","400","512"
"eu.prismacloud.primitives.grs.bench.IssuingBenchmark.SerializeGSBenchmark.issuing","Single shot invocation time","255.940000","ms/op","400","512"
"eu.prismacloud.primitives.grs.bench.IssuingBenchmark.SerializeGSBenchmark.issuing","Single shot invocation time","271.733163","ms/op","400","512"
"eu.prismacloud.primitives.grs.bench.IssuingBenchmark.SerializeGSBenchmark.issuing","Single shot invocation time","389.578219","ms/op","400","512"
"eu.prismacloud.primitives.grs.bench.IssuingBenchmark.SerializeGSBenchmark.issuing","Single shot invocation time","240.311717","ms/op","400","512"
"eu.prismacloud.primitives.grs.bench.IssuingBenchmark.SerializeGSBenchmark.issuing","Single shot invocation time","252.188134","ms/op","400","512"
"eu.prismacloud.primitives.grs.bench.IssuingBenchmark.SerializeGSBenchmark.issuing","Single shot invocation time","235.824018","ms/op","400","512"
"eu.prismacloud.primitives.grs.bench.IssuingBenchmark.SerializeGSBenchmark.issuing","Single shot invocation time","317.004460","ms/op","400","512"
"eu.prismacloud.primitives.grs.bench.IssuingBenchmark.SerializeGSBenchmark.issuing","Single shot invocation time","204.909849","ms/op","400","512"
"eu.prismacloud.primitives.grs.bench.IssuingBenchmark.SerializeGSBenchmark.issuing","Single shot invocation time","406.025750","ms/op","400","512"
"eu.prismacloud.primitives.grs.bench.IssuingBenchmark.SerializeGSBenchmark.issuing","Single shot invocation time","354.238481","ms/op","400","512"
"eu.prismacloud.primitives.grs.bench.IssuingBenchmark.SerializeGSBenchmark.issuing","Single shot invocation time","266.720031","ms/op","400","512"
"eu.prismacloud.primitives.grs.bench.IssuingBenchmark.SerializeGSBenchmark.issuing","Single shot invocation time","217.468363","ms/op","400","512"
"eu.prismacloud.primitives.grs.bench.IssuingBenchmark.SerializeGSBenchmark.issuing","Single shot invocation time","263.161869","ms/op","400","512"
"eu.prismacloud.primitives.grs.bench.IssuingBenchmark.SerializeGSBenchmark.issuing","Single shot invocation time","202.153767","ms/op","400","512"
"eu.prismacloud.primitives.grs.bench.IssuingBenchmark.SerializeGSBenchmark.issuing","Single shot invocation time","208.409676","ms/op","400","512"
"eu.prismacloud.primitives.grs.bench.IssuingBenchmark.SerializeGSBenchmark.issuing","Single shot invocation time","286.409442","ms/op","400","512"
"eu.prismacloud.primitives.grs.bench.IssuingBenchmark.SerializeGSBenchmark.issuing","Single shot invocation time","334.418867","ms/op","400","512"
"eu.prismacloud.primitives.grs.bench.IssuingBenchmark.SerializeGSBenchmark.issuing","Single shot invocation time","241.366955","ms/op","400","512"
"eu.prismacloud.primitives.grs.bench.IssuingBenchmark.SerializeGSBenchmark.issuing","Single shot invocation time","403.442546","ms/op","400","512"
"eu.prismacloud.primitives.grs.bench.IssuingBenchmark.SerializeGSBenchmark.issuing","Single shot invocation time","276.110559","ms/op","400","512"
"eu.prismacloud.primitives.grs.bench.IssuingBenchmark.SerializeGSBenchmark.issuing","Single shot invocation time","232.890136","ms/op","400","512"
"eu.prismacloud.primitives.grs.bench.IssuingBenchmark.SerializeGSBenchmark.issuing","Single shot invocation time","419.038690","ms/op","400","512"
"eu.prismacloud.primitives.grs.bench.IssuingBenchmark.SerializeGSBenchmark.issuing","Single shot invocation time","299.282195","ms/op","400","512"
"eu.prismacloud.primitives.grs.bench.IssuingBenchmark.SerializeGSBenchmark.issuing","Single shot invocation time","299.278083","ms/op","400","512"
"eu.prismacloud.primitives.grs.bench.IssuingBenchmark.SerializeGSBenchmark.issuing","Single shot invocation time","383.493625","ms/op","400","512"
"eu.prismacloud.primitives.grs.bench.IssuingBenchmark.SerializeGSBenchmark.issuing","Single shot invocation time","253.147614","ms/op","400","512"
"eu.prismacloud.primitives.grs.bench.IssuingBenchmark.SerializeGSBenchmark.issuing","Single shot invocation time","332.989695","ms/op","400","512"
"eu.prismacloud.primitives.grs.bench.IssuingBenchmark.SerializeGSBenchmark.issuing","Single shot invocation time","224.498916","ms/op","400","512"
"eu.prismacloud.primitives.grs.bench.IssuingBenchmark.SerializeGSBenchmark.issuing","Single shot invocation time","307.842812","ms/op","400","512"
"eu.prismacloud.primitives.grs.bench.IssuingBenchmark.SerializeGSBenchmark.issuing","Single shot invocation time","256.632304","ms/op","400","512"
"eu.prismacloud.primitives.grs.bench.IssuingBenchmark.SerializeGSBenchmark.issuing","Single shot invocation time","230.180749","ms/op","400","512"
"eu.prismacloud.primitives.grs.bench.IssuingBenchmark.SerializeGSBenchmark.issuing","Single shot invocation time","241.510609","ms/op","400","512"
"eu.prismacloud.primitives.grs.bench.IssuingBenchmark.SerializeGSBenchmark.issuing","Single shot invocation time","271.294132","ms/op","400","512"
"eu.prismacloud.primitives.grs.bench.IssuingBenchmark.SerializeGSBenchmark.issuing","Single shot invocation time","223.602484","ms/op","400","512"
"eu.prismacloud.primitives.grs.bench.IssuingBenchmark.SerializeGSBenchmark.issuing","Single shot invocation time","253.271020","ms/op","400","512"
"eu.prismacloud.primitives.grs.bench.IssuingBenchmark.SerializeGSBenchmark.issuing","Single shot invocation time","238.663499","ms/op","400","512"
"eu.prismacloud.primitives.grs.bench.IssuingBenchmark.SerializeGSBenchmark.issuing","Single shot invocation time","362.382312","ms/op","400","512"
"eu.prismacloud.primitives.grs.bench.IssuingBenchmark.SerializeGSBenchmark.issuing","Single shot invocation time","233.516253","ms/op","400","512"
"eu.prismacloud.primitives.grs.bench.IssuingBenchmark.SerializeGSBenchmark.issuing","Single shot invocation time","294.192332","ms/op","400","512"
"eu.prismacloud.primitives.grs.bench.IssuingBenchmark.SerializeGSBenchmark.issuing","Single shot invocation time","238.762885","ms/op","400","512"
"eu.prismacloud.primitives.grs.bench.IssuingBenchmark.SerializeGSBenchmark.issuing","Single shot invocation time","218.923803","ms/op","400","512"
"eu.prismacloud.primitives.grs.bench.IssuingBenchmark.SerializeGSBenchmark.issuing","Single shot invocation time","367.332315","ms/op","400","512"
"eu.prismacloud.primitives.grs.bench.IssuingBenchmark.SerializeGSBenchmark.issuing","Single shot invocation time","229.410007","ms/op","400","512"
"eu.prismacloud.primitives.grs.bench.IssuingBenchmark.SerializeGSBenchmark.issuing","Single shot invocation time","210.893574","ms/op","400","512"
"eu.prismacloud.primitives.grs.bench.IssuingBenchmark.SerializeGSBenchmark.issuing","Single shot invocation time","233.965590","ms/op","400","512"
"eu.prismacloud.primitives.grs.bench.IssuingBenchmark.SerializeGSBenchmark.issuing","Single shot invocation time","256.000896","ms/op","400","512"
"eu.prismacloud.primitives.grs.bench.IssuingBenchmark.SerializeGSBenchmark.issuing","Single shot invocation time","236.398134","ms/op","400","512"
"eu.prismacloud.primitives.grs.bench.IssuingBenchmark.SerializeGSBenchmark.issuing","Single shot invocation time","236.585053","ms/op","400","512"
"eu.prismacloud.primitives.grs.bench.IssuingBenchmark.SerializeGSBenchmark.issuing","Single shot invocation time","203.343043","ms/op","400","512"
"eu.prismacloud.primitives.grs.bench.IssuingBenchmark.SerializeGSBenchmark.issuing","Single shot invocation time","240.586076","ms/op","400","512"
"eu.prismacloud.primitives.grs.bench.IssuingBenchmark.SerializeGSBenchmark.issuing","Single shot invocation time","255.363129","ms/op","400","512"
"eu.prismacloud.primitives.grs.bench.IssuingBenchmark.SerializeGSBenchmark.issuing","Single shot invocation time","362.358657","ms/op","400","512"
"eu.prismacloud.primitives.grs.bench.IssuingBenchmark.SerializeGSBenchmark.issuing","Single shot invocation time","334.876655","ms/op","400","512"
"eu.prismacloud.primitives.grs.bench.IssuingBenchmark.SerializeGSBenchmark.issuing","Single shot invocation time","281.746848","ms/op","400","512"
"eu.prismacloud.primitives.grs.bench.IssuingBenchmark.SerializeGSBenchmark.issuing","Single shot invocation time","263.173635","ms/op","400","512"
"eu.prismacloud.primitives.grs.bench.IssuingBenchmark.SerializeGSBenchmark.issuing","Single shot invocation time","233.725123","ms/op","400","512"
"eu.prismacloud.primitives.grs.bench.IssuingBenchmark.SerializeGSBenchmark.issuing","Single shot invocation time","279.739961","ms/op","400","512"
"eu.prismacloud.primitives.grs.bench.IssuingBenchmark.SerializeGSBenchmark.issuing","Single shot invocation time","342.690782","ms/op","400","512"
"eu.prismacloud.primitives.grs.bench.IssuingBenchmark.SerializeGSBenchmark.issuing","Single shot invocation time","229.793539","ms/op","400","512"
"eu.prismacloud.primitives.grs.bench.IssuingBenchmark.SerializeGSBenchmark.issuing","Single shot invocation time","290.965983","ms/op","400","512"
"eu.prismacloud.primitives.grs.bench.IssuingBenchmark.SerializeGSBenchmark.issuing","Single shot invocation time","240.544389","ms/op","400","512"
"eu.prismacloud.primitives.grs.bench.IssuingBenchmark.SerializeGSBenchmark.issuing","Single shot invocation time","227.792010","ms/op","400","512"
"eu.prismacloud.primitives.grs.bench.IssuingBenchmark.SerializeGSBenchmark.issuing","Single shot invocation time","217.238296","ms/op","400","512"
"eu.prismacloud.primitives.grs.bench.IssuingBenchmark.SerializeGSBenchmark.issuing","Single shot invocation time","201.784556","ms/op","400","512"
"eu.prismacloud.primitives.grs.bench.IssuingBenchmark.SerializeGSBenchmark.issuing","Single shot invocation time","292.480488","ms/op","400","512"
"eu.prismacloud.primitives.grs.bench.IssuingBenchmark.SerializeGSBenchmark.issuing","Single shot invocation time","358.366373","ms/op","400","512"
"eu.prismacloud.primitives.grs.bench.IssuingBenchmark.SerializeGSBenchmark.issuing","Single shot invocation time","225.897771","ms/op","400","512"
"eu.prismacloud.primitives.grs.bench.IssuingBenchmark.SerializeGSBenchmark.issuing","Single shot invocation time","311.851669","ms/op","400","512"
"eu.prismacloud.primitives.grs.bench.IssuingBenchmark.SerializeGSBenchmark.issuing","Single shot invocation time","244.076150","ms/op","400","512"
"eu.prismacloud.primitives.grs.bench.IssuingBenchmark.SerializeGSBenchmark.issuing","Single shot invocation time","243.900416","ms/op","400","512"
"eu.prismacloud.primitives.grs.bench.IssuingBenchmark.SerializeGSBenchmark.issuing","Single shot invocation time","334.660732","ms/op","400","512"
"eu.prismacloud.primitives.grs.bench.IssuingBenchmark.SerializeGSBenchmark.issuing","Single shot invocation time","363.157417","ms/op","400","512"
"eu.prismacloud.primitives.grs.bench.IssuingBenchmark.SerializeGSBenchmark.issuing","Single shot invocation time","316.919594","ms/op","400","512"
"eu.prismacloud.primitives.grs.bench.IssuingBenchmark.SerializeGSBenchmark.issuing","Single shot invocation time","277.393082","ms/op","400","512"
"eu.prismacloud.primitives.grs.bench.IssuingBenchmark.SerializeGSBenchmark.issuing","Single shot invocation time","386.031352","ms/op","400","1024"
"eu.prismacloud.primitives.grs.bench.IssuingBenchmark.SerializeGSBenchmark.issuing","Single shot invocation time","327.440707","ms/op","400","1024"
"eu.prismacloud.primitives.grs.bench.IssuingBenchmark.SerializeGSBenchmark.issuing","Single shot invocation time","290.440024","ms/op","400","1024"
"eu.prismacloud.primitives.grs.bench.IssuingBenchmark.SerializeGSBenchmark.issuing","Single shot invocation time","313.812389","ms/op","400","1024"
"eu.prismacloud.primitives.grs.bench.IssuingBenchmark.SerializeGSBenchmark.issuing","Single shot invocation time","311.084771","ms/op","400","1024"
"eu.prismacloud.primitives.grs.bench.IssuingBenchmark.SerializeGSBenchmark.issuing","Single shot invocation time","409.869871","ms/op","400","1024"
"eu.prismacloud.primitives.grs.bench.IssuingBenchmark.SerializeGSBenchmark.issuing","Single shot invocation time","343.863732","ms/op","400","1024"
"eu.prismacloud.primitives.grs.bench.IssuingBenchmark.SerializeGSBenchmark.issuing","Single shot invocation time","350.886335","ms/op","400","1024"
"eu.prismacloud.primitives.grs.bench.IssuingBenchmark.SerializeGSBenchmark.issuing","Single shot invocation time","262.495046","ms/op","400","1024"
"eu.prismacloud.primitives.grs.bench.IssuingBenchmark.SerializeGSBenchmark.issuing","Single shot invocation time","395.805832","ms/op","400","1024"
"eu.prismacloud.primitives.grs.bench.IssuingBenchmark.SerializeGSBenchmark.issuing","Single shot invocation time","291.960148","ms/op","400","1024"
"eu.prismacloud.primitives.grs.bench.IssuingBenchmark.SerializeGSBenchmark.issuing","Single shot invocation time","297.162216","ms/op","400","1024"
"eu.prismacloud.primitives.grs.bench.IssuingBenchmark.SerializeGSBenchmark.issuing","Single shot invocation time","334.483244","ms/op","400","1024"
"eu.prismacloud.primitives.grs.bench.IssuingBenchmark.SerializeGSBenchmark.issuing","Single shot invocation time","322.941532","ms/op","400","1024"
"eu.prismacloud.primitives.grs.bench.IssuingBenchmark.SerializeGSBenchmark.issuing","Single shot invocation time","272.477096","ms/op","400","1024"
"eu.prismacloud.primitives.grs.bench.IssuingBenchmark.SerializeGSBenchmark.issuing","Single shot invocation time","294.624740","ms/op","400","1024"
"eu.prismacloud.primitives.grs.bench.IssuingBenchmark.SerializeGSBenchmark.issuing","Single shot invocation time","337.531660","ms/op","400","1024"
"eu.prismacloud.primitives.grs.bench.IssuingBenchmark.SerializeGSBenchmark.issuing","Single shot invocation time","313.149000","ms/op","400","1024"
"eu.prismacloud.primitives.grs.bench.IssuingBenchmark.SerializeGSBenchmark.issuing","Single shot invocation time","357.250297","ms/op","400","1024"
"eu.prismacloud.primitives.grs.bench.IssuingBenchmark.SerializeGSBenchmark.issuing","Single shot invocation time","293.462121","ms/op","400","1024"
"eu.prismacloud.primitives.grs.bench.IssuingBenchmark.SerializeGSBenchmark.issuing","Single shot invocation time","308.063709","ms/op","400","1024"
"eu.prismacloud.primitives.grs.bench.IssuingBenchmark.SerializeGSBenchmark.issuing","Single shot invocation time","282.833750","ms/op","400","1024"
"eu.prismacloud.primitives.grs.bench.IssuingBenchmark.SerializeGSBenchmark.issuing","Single shot invocation time","294.763986","ms/op","400","1024"
"eu.prismacloud.primitives.grs.bench.IssuingBenchmark.SerializeGSBenchmark.issuing","Single shot invocation time","314.037624","ms/op","400","1024"
"eu.prismacloud.primitives.grs.bench.IssuingBenchmark.SerializeGSBenchmark.issuing","Single shot invocation time","250.547333","ms/op","400","1024"
"eu.prismacloud.primitives.grs.bench.IssuingBenchmark.SerializeGSBenchmark.issuing","Single shot invocation time","319.974168","ms/op","400","1024"
"eu.prismacloud.primitives.grs.bench.IssuingBenchmark.SerializeGSBenchmark.issuing","Single shot invocation time","343.832074","ms/op","400","1024"
"eu.prismacloud.primitives.grs.bench.IssuingBenchmark.SerializeGSBenchmark.issuing","Single shot invocation time","412.767494","ms/op","400","1024"
"eu.prismacloud.primitives.grs.bench.IssuingBenchmark.SerializeGSBenchmark.issuing","Single shot invocation time","268.613159","ms/op","400","1024"
"eu.prismacloud.primitives.grs.bench.IssuingBenchmark.SerializeGSBenchmark.issuing","Single shot invocation time","356.269134","ms/op","400","1024"
"eu.prismacloud.primitives.grs.bench.IssuingBenchmark.SerializeGSBenchmark.issuing","Single shot invocation time","270.804535","ms/op","400","1024"
"eu.prismacloud.primitives.grs.bench.IssuingBenchmark.SerializeGSBenchmark.issuing","Single shot invocation time","276.541670","ms/op","400","1024"
"eu.prismacloud.primitives.grs.bench.IssuingBenchmark.SerializeGSBenchmark.issuing","Single shot invocation time","333.809122","ms/op","400","1024"
"eu.prismacloud.primitives.grs.bench.IssuingBenchmark.SerializeGSBenchmark.issuing","Single shot invocation time","436.873952","ms/op","400","1024"
"eu.prismacloud.primitives.grs.bench.IssuingBenchmark.SerializeGSBenchmark.issuing","Single shot invocation time","348.659460","ms/op","400","1024"
"eu.prismacloud.primitives.grs.bench.IssuingBenchmark.SerializeGSBenchmark.issuing","Single shot invocation time","329.273349","ms/op","400","1024"
"eu.prismacloud.primitives.grs.bench.IssuingBenchmark.SerializeGSBenchmark.issuing","Single shot invocation time","387.633402","ms/op","400","1024"
"eu.prismacloud.primitives.grs.bench.IssuingBenchmark.SerializeGSBenchmark.issuing","Single shot invocation time","280.704436","ms/op","400","1024"
"eu.prismacloud.primitives.grs.bench.IssuingBenchmark.SerializeGSBenchmark.issuing","Single shot invocation time","270.254791","ms/op","400","1024"
"eu.prismacloud.primitives.grs.bench.IssuingBenchmark.SerializeGSBenchmark.issuing","Single shot invocation time","535.404170","ms/op","400","1024"
"eu.prismacloud.primitives.grs.bench.IssuingBenchmark.SerializeGSBenchmark.issuing","Single shot invocation time","383.843785","ms/op","400","1024"
"eu.prismacloud.primitives.grs.bench.IssuingBenchmark.SerializeGSBenchmark.issuing","Single shot invocation time","282.416555","ms/op","400","1024"
"eu.prismacloud.primitives.grs.bench.IssuingBenchmark.SerializeGSBenchmark.issuing","Single shot invocation time","357.518871","ms/op","400","1024"
"eu.prismacloud.primitives.grs.bench.IssuingBenchmark.SerializeGSBenchmark.issuing","Single shot invocation time","409.230535","ms/op","400","1024"
"eu.prismacloud.primitives.grs.bench.IssuingBenchmark.SerializeGSBenchmark.issuing","Single shot invocation time","297.671146","ms/op","400","1024"
"eu.prismacloud.primitives.grs.bench.IssuingBenchmark.SerializeGSBenchmark.issuing","Single shot invocation time","263.304945","ms/op","400","1024"
"eu.prismacloud.primitives.grs.bench.IssuingBenchmark.SerializeGSBenchmark.issuing","Single shot invocation time","365.509675","ms/op","400","1024"
"eu.prismacloud.primitives.grs.bench.IssuingBenchmark.SerializeGSBenchmark.issuing","Single shot invocation time","343.730647","ms/op","400","1024"
"eu.prismacloud.primitives.grs.bench.IssuingBenchmark.SerializeGSBenchmark.issuing","Single shot invocation time","315.119941","ms/op","400","1024"
"eu.prismacloud.primitives.grs.bench.IssuingBenchmark.SerializeGSBenchmark.issuing","Single shot invocation time","287.562900","ms/op","400","1024"
"eu.prismacloud.primitives.grs.bench.IssuingBenchmark.SerializeGSBenchmark.issuing","Single shot invocation time","389.595485","ms/op","400","1024"
"eu.prismacloud.primitives.grs.bench.IssuingBenchmark.SerializeGSBenchmark.issuing","Single shot invocation time","331.892251","ms/op","400","1024"
"eu.prismacloud.primitives.grs.bench.IssuingBenchmark.SerializeGSBenchmark.issuing","Single shot invocation time","386.317763","ms/op","400","1024"
"eu.prismacloud.primitives.grs.bench.IssuingBenchmark.SerializeGSBenchmark.issuing","Single shot invocation time","469.583330","ms/op","400","1024"
"eu.prismacloud.primitives.grs.bench.IssuingBenchmark.SerializeGSBenchmark.issuing","Single shot invocation time","327.947420","ms/op","400","1024"
"eu.prismacloud.primitives.grs.bench.IssuingBenchmark.SerializeGSBenchmark.issuing","Single shot invocation time","247.712662","ms/op","400","1024"
"eu.prismacloud.primitives.grs.bench.IssuingBenchmark.SerializeGSBenchmark.issuing","Single shot invocation time","265.160456","ms/op","400","1024"
"eu.prismacloud.primitives.grs.bench.IssuingBenchmark.SerializeGSBenchmark.issuing","Single shot invocation time","356.991066","ms/op","400","1024"
"eu.prismacloud.primitives.grs.bench.IssuingBenchmark.SerializeGSBenchmark.issuing","Single shot invocation time","319.190671","ms/op","400","1024"
"eu.prismacloud.primitives.grs.bench.IssuingBenchmark.SerializeGSBenchmark.issuing","Single shot invocation time","340.240132","ms/op","400","1024"
"eu.prismacloud.primitives.grs.bench.IssuingBenchmark.SerializeGSBenchmark.issuing","Single shot invocation time","283.012757","ms/op","400","1024"
"eu.prismacloud.primitives.grs.bench.IssuingBenchmark.SerializeGSBenchmark.issuing","Single shot invocation time","272.726232","ms/op","400","1024"
"eu.prismacloud.primitives.grs.bench.IssuingBenchmark.SerializeGSBenchmark.issuing","Single shot invocation time","317.874339","ms/op","400","1024"
"eu.prismacloud.primitives.grs.bench.IssuingBenchmark.SerializeGSBenchmark.issuing","Single shot invocation time","326.964772","ms/op","400","1024"
"eu.prismacloud.primitives.grs.bench.IssuingBenchmark.SerializeGSBenchmark.issuing","Single shot invocation time","272.639229","ms/op","400","1024"
"eu.prismacloud.primitives.grs.bench.IssuingBenchmark.SerializeGSBenchmark.issuing","Single shot invocation time","389.051473","ms/op","400","1024"
"eu.prismacloud.primitives.grs.bench.IssuingBenchmark.SerializeGSBenchmark.issuing","Single shot invocation time","273.910409","ms/op","400","1024"
"eu.prismacloud.primitives.grs.bench.IssuingBenchmark.SerializeGSBenchmark.issuing","Single shot invocation time","393.209062","ms/op","400","1024"
"eu.prismacloud.primitives.grs.bench.IssuingBenchmark.SerializeGSBenchmark.issuing","Single shot invocation time","343.177087","ms/op","400","1024"
"eu.prismacloud.primitives.grs.bench.IssuingBenchmark.SerializeGSBenchmark.issuing","Single shot invocation time","304.599064","ms/op","400","1024"
"eu.prismacloud.primitives.grs.bench.IssuingBenchmark.SerializeGSBenchmark.issuing","Single shot invocation time","272.233680","ms/op","400","1024"
"eu.prismacloud.primitives.grs.bench.IssuingBenchmark.SerializeGSBenchmark.issuing","Single shot invocation time","288.112542","ms/op","400","1024"
"eu.prismacloud.primitives.grs.bench.IssuingBenchmark.SerializeGSBenchmark.issuing","Single shot invocation time","305.279083","ms/op","400","1024"
"eu.prismacloud.primitives.grs.bench.IssuingBenchmark.SerializeGSBenchmark.issuing","Single shot invocation time","358.442178","ms/op","400","1024"
"eu.prismacloud.primitives.grs.bench.IssuingBenchmark.SerializeGSBenchmark.issuing","Single shot invocation time","374.037195","ms/op","400","1024"
"eu.prismacloud.primitives.grs.bench.IssuingBenchmark.SerializeGSBenchmark.issuing","Single shot invocation time","357.756816","ms/op","400","1024"
"eu.prismacloud.primitives.grs.bench.IssuingBenchmark.SerializeGSBenchmark.issuing","Single shot invocation time","364.911022","ms/op","400","1024"
"eu.prismacloud.primitives.grs.bench.IssuingBenchmark.SerializeGSBenchmark.issuing","Single shot invocation time","415.334174","ms/op","400","1024"
"eu.prismacloud.primitives.grs.bench.IssuingBenchmark.SerializeGSBenchmark.issuing","Single shot invocation time","320.064445","ms/op","400","1024"
"eu.prismacloud.primitives.grs.bench.IssuingBenchmark.SerializeGSBenchmark.issuing","Single shot invocation time","264.321447","ms/op","400","1024"
"eu.prismacloud.primitives.grs.bench.IssuingBenchmark.SerializeGSBenchmark.issuing","Single shot invocation time","335.716321","ms/op","400","1024"
"eu.prismacloud.primitives.grs.bench.IssuingBenchmark.SerializeGSBenchmark.issuing","Single shot invocation time","273.942892","ms/op","400","1024"
"eu.prismacloud.primitives.grs.bench.IssuingBenchmark.SerializeGSBenchmark.issuing","Single shot invocation time","354.019628","ms/op","400","1024"
"eu.prismacloud.primitives.grs.bench.IssuingBenchmark.SerializeGSBenchmark.issuing","Single shot invocation time","284.538253","ms/op","400","1024"
"eu.prismacloud.primitives.grs.bench.IssuingBenchmark.SerializeGSBenchmark.issuing","Single shot invocation time","306.240112","ms/op","400","1024"
"eu.prismacloud.primitives.grs.bench.IssuingBenchmark.SerializeGSBenchmark.issuing","Single shot invocation time","332.393086","ms/op","400","1024"
"eu.prismacloud.primitives.grs.bench.IssuingBenchmark.SerializeGSBenchmark.issuing","Single shot invocation time","337.506786","ms/op","400","1024"
"eu.prismacloud.primitives.grs.bench.IssuingBenchmark.SerializeGSBenchmark.issuing","Single shot invocation time","419.952708","ms/op","400","1024"
"eu.prismacloud.primitives.grs.bench.IssuingBenchmark.SerializeGSBenchmark.issuing","Single shot invocation time","400.572469","ms/op","400","1024"
"eu.prismacloud.primitives.grs.bench.IssuingBenchmark.SerializeGSBenchmark.issuing","Single shot invocation time","505.069708","ms/op","400","1024"
"eu.prismacloud.primitives.grs.bench.IssuingBenchmark.SerializeGSBenchmark.issuing","Single shot invocation time","459.325493","ms/op","400","1024"
"eu.prismacloud.primitives.grs.bench.IssuingBenchmark.SerializeGSBenchmark.issuing","Single shot invocation time","290.033677","ms/op","400","1024"
"eu.prismacloud.primitives.grs.bench.IssuingBenchmark.SerializeGSBenchmark.issuing","Single shot invocation time","352.753505","ms/op","400","1024"
"eu.prismacloud.primitives.grs.bench.IssuingBenchmark.SerializeGSBenchmark.issuing","Single shot invocation time","318.210730","ms/op","400","1024"
"eu.prismacloud.primitives.grs.bench.IssuingBenchmark.SerializeGSBenchmark.issuing","Single shot invocation time","263.482190","ms/op","400","1024"
"eu.prismacloud.primitives.grs.bench.IssuingBenchmark.SerializeGSBenchmark.issuing","Single shot invocation time","442.358426","ms/op","400","1024"
"eu.prismacloud.primitives.grs.bench.IssuingBenchmark.SerializeGSBenchmark.issuing","Single shot invocation time","293.165673","ms/op","400","1024"
"eu.prismacloud.primitives.grs.bench.IssuingBenchmark.SerializeGSBenchmark.issuing","Single shot invocation time","310.782077","ms/op","400","1024"
"eu.prismacloud.primitives.grs.bench.IssuingBenchmark.SerializeGSBenchmark.issuing","Single shot invocation time","281.415872","ms/op","400","1024"
"eu.prismacloud.primitives.grs.bench.IssuingBenchmark.SerializeGSBenchmark.issuing","Single shot invocation time","314.151583","ms/op","400","1024"
"eu.prismacloud.primitives.grs.bench.IssuingBenchmark.SerializeGSBenchmark.issuing","Single shot invocation time","495.395614","ms/op","400","2048"
"eu.prismacloud.primitives.grs.bench.IssuingBenchmark.SerializeGSBenchmark.issuing","Single shot invocation time","455.663264","ms/op","400","2048"
"eu.prismacloud.primitives.grs.bench.IssuingBenchmark.SerializeGSBenchmark.issuing","Single shot invocation time","406.627621","ms/op","400","2048"
"eu.prismacloud.primitives.grs.bench.IssuingBenchmark.SerializeGSBenchmark.issuing","Single shot invocation time","416.273080","ms/op","400","2048"
"eu.prismacloud.primitives.grs.bench.IssuingBenchmark.SerializeGSBenchmark.issuing","Single shot invocation time","569.575899","ms/op","400","2048"
"eu.prismacloud.primitives.grs.bench.IssuingBenchmark.SerializeGSBenchmark.issuing","Single shot invocation time","501.168603","ms/op","400","2048"
"eu.prismacloud.primitives.grs.bench.IssuingBenchmark.SerializeGSBenchmark.issuing","Single shot invocation time","441.484999","ms/op","400","2048"
"eu.prismacloud.primitives.grs.bench.IssuingBenchmark.SerializeGSBenchmark.issuing","Single shot invocation time","476.526770","ms/op","400","2048"
"eu.prismacloud.primitives.grs.bench.IssuingBenchmark.SerializeGSBenchmark.issuing","Single shot invocation time","596.514820","ms/op","400","2048"
"eu.prismacloud.primitives.grs.bench.IssuingBenchmark.SerializeGSBenchmark.issuing","Single shot invocation time","562.891992","ms/op","400","2048"
"eu.prismacloud.primitives.grs.bench.IssuingBenchmark.SerializeGSBenchmark.issuing","Single shot invocation time","471.608284","ms/op","400","2048"
"eu.prismacloud.primitives.grs.bench.IssuingBenchmark.SerializeGSBenchmark.issuing","Single shot invocation time","421.968960","ms/op","400","2048"
"eu.prismacloud.primitives.grs.bench.IssuingBenchmark.SerializeGSBenchmark.issuing","Single shot invocation time","414.739020","ms/op","400","2048"
"eu.prismacloud.primitives.grs.bench.IssuingBenchmark.SerializeGSBenchmark.issuing","Single shot invocation time","429.217782","ms/op","400","2048"
"eu.prismacloud.primitives.grs.bench.IssuingBenchmark.SerializeGSBenchmark.issuing","Single shot invocation time","487.197845","ms/op","400","2048"
"eu.prismacloud.primitives.grs.bench.IssuingBenchmark.SerializeGSBenchmark.issuing","Single shot invocation time","463.581480","ms/op","400","2048"
"eu.prismacloud.primitives.grs.bench.IssuingBenchmark.SerializeGSBenchmark.issuing","Single shot invocation time","390.726738","ms/op","400","2048"
"eu.prismacloud.primitives.grs.bench.IssuingBenchmark.SerializeGSBenchmark.issuing","Single shot invocation time","420.087445","ms/op","400","2048"
"eu.prismacloud.primitives.grs.bench.IssuingBenchmark.SerializeGSBenchmark.issuing","Single shot invocation time","464.187456","ms/op","400","2048"
"eu.prismacloud.primitives.grs.bench.IssuingBenchmark.SerializeGSBenchmark.issuing","Single shot invocation time","503.856620","ms/op","400","2048"
"eu.prismacloud.primitives.grs.bench.IssuingBenchmark.SerializeGSBenchmark.issuing","Single shot invocation time","493.796332","ms/op","400","2048"
"eu.prismacloud.primitives.grs.bench.IssuingBenchmark.SerializeGSBenchmark.issuing","Single shot invocation time","663.487732","ms/op","400","2048"
"eu.prismacloud.primitives.grs.bench.IssuingBenchmark.SerializeGSBenchmark.issuing","Single shot invocation time","458.713935","ms/op","400","2048"
"eu.prismacloud.primitives.grs.bench.IssuingBenchmark.SerializeGSBenchmark.issuing","Single shot invocation time","517.364417","ms/op","400","2048"
"eu.prismacloud.primitives.grs.bench.IssuingBenchmark.SerializeGSBenchmark.issuing","Single shot invocation time","539.553748","ms/op","400","2048"
"eu.prismacloud.primitives.grs.bench.IssuingBenchmark.SerializeGSBenchmark.issuing","Single shot invocation time","417.396484","ms/op","400","2048"
"eu.prismacloud.primitives.grs.bench.IssuingBenchmark.SerializeGSBenchmark.issuing","Single shot invocation time","434.338769","ms/op","400","2048"
"eu.prismacloud.primitives.grs.bench.IssuingBenchmark.SerializeGSBenchmark.issuing","Single shot invocation time","438.144365","ms/op","400","2048"
"eu.prismacloud.primitives.grs.bench.IssuingBenchmark.SerializeGSBenchmark.issuing","Single shot invocation time","545.653303","ms/op","400","2048"
"eu.prismacloud.primitives.grs.bench.IssuingBenchmark.SerializeGSBenchmark.issuing","Single shot invocation time","460.489685","ms/op","400","2048"
"eu.prismacloud.primitives.grs.bench.IssuingBenchmark.SerializeGSBenchmark.issuing","Single shot invocation time","444.078674","ms/op","400","2048"
"eu.prismacloud.primitives.grs.bench.IssuingBenchmark.SerializeGSBenchmark.issuing","Single shot invocation time","458.765461","ms/op","400","2048"
"eu.prismacloud.primitives.grs.bench.IssuingBenchmark.SerializeGSBenchmark.issuing","Single shot invocation time","530.539783","ms/op","400","2048"
"eu.prismacloud.primitives.grs.bench.IssuingBenchmark.SerializeGSBenchmark.issuing","Single shot invocation time","535.551451","ms/op","400","2048"
"eu.prismacloud.primitives.grs.bench.IssuingBenchmark.SerializeGSBenchmark.issuing","Single shot invocation time","462.454896","ms/op","400","2048"
"eu.prismacloud.primitives.grs.bench.IssuingBenchmark.SerializeGSBenchmark.issuing","Single shot invocation time","443.436536","ms/op","400","2048"
"eu.prismacloud.primitives.grs.bench.IssuingBenchmark.SerializeGSBenchmark.issuing","Single shot invocation time","413.561464","ms/op","400","2048"
"eu.prismacloud.primitives.grs.bench.IssuingBenchmark.SerializeGSBenchmark.issuing","Single shot invocation time","518.085861","ms/op","400","2048"
"eu.prismacloud.primitives.grs.bench.IssuingBenchmark.SerializeGSBenchmark.issuing","Single shot invocation time","513.449423","ms/op","400","2048"
"eu.prismacloud.primitives.grs.bench.IssuingBenchmark.SerializeGSBenchmark.issuing","Single shot invocation time","426.319424","ms/op","400","2048"
"eu.prismacloud.primitives.grs.bench.IssuingBenchmark.SerializeGSBenchmark.issuing","Single shot invocation time","527.189054","ms/op","400","2048"
"eu.prismacloud.primitives.grs.bench.IssuingBenchmark.SerializeGSBenchmark.issuing","Single shot invocation time","458.753485","ms/op","400","2048"
"eu.prismacloud.primitives.grs.bench.IssuingBenchmark.SerializeGSBenchmark.issuing","Single shot invocation time","428.438018","ms/op","400","2048"
"eu.prismacloud.primitives.grs.bench.IssuingBenchmark.SerializeGSBenchmark.issuing","Single shot invocation time","439.851975","ms/op","400","2048"
"eu.prismacloud.primitives.grs.bench.IssuingBenchmark.SerializeGSBenchmark.issuing","Single shot invocation time","466.177988","ms/op","400","2048"
"eu.prismacloud.primitives.grs.bench.IssuingBenchmark.SerializeGSBenchmark.issuing","Single shot invocation time","442.580639","ms/op","400","2048"
"eu.prismacloud.primitives.grs.bench.IssuingBenchmark.SerializeGSBenchmark.issuing","Single shot invocation time","593.449236","ms/op","400","2048"
"eu.prismacloud.primitives.grs.bench.IssuingBenchmark.SerializeGSBenchmark.issuing","Single shot invocation time","581.789063","ms/op","400","2048"
"eu.prismacloud.primitives.grs.bench.IssuingBenchmark.SerializeGSBenchmark.issuing","Single shot invocation time","468.751038","ms/op","400","2048"
"eu.prismacloud.primitives.grs.bench.IssuingBenchmark.SerializeGSBenchmark.issuing","Single shot invocation time","485.984977","ms/op","400","2048"
"eu.prismacloud.primitives.grs.bench.IssuingBenchmark.SerializeGSBenchmark.issuing","Single shot invocation time","610.612040","ms/op","400","2048"
"eu.prismacloud.primitives.grs.bench.IssuingBenchmark.SerializeGSBenchmark.issuing","Single shot invocation time","459.067083","ms/op","400","2048"
"eu.prismacloud.primitives.grs.bench.IssuingBenchmark.SerializeGSBenchmark.issuing","Single shot invocation time","419.859888","ms/op","400","2048"
"eu.prismacloud.primitives.grs.bench.IssuingBenchmark.SerializeGSBenchmark.issuing","Single shot invocation time","446.864025","ms/op","400","2048"
"eu.prismacloud.primitives.grs.bench.IssuingBenchmark.SerializeGSBenchmark.issuing","Single shot invocation time","446.494308","ms/op","400","2048"
"eu.prismacloud.primitives.grs.bench.IssuingBenchmark.SerializeGSBenchmark.issuing","Single shot invocation time","404.247388","ms/op","400","2048"
"eu.prismacloud.primitives.grs.bench.IssuingBenchmark.SerializeGSBenchmark.issuing","Single shot invocation time","477.964107","ms/op","400","2048"
"eu.prismacloud.primitives.grs.bench.IssuingBenchmark.SerializeGSBenchmark.issuing","Single shot invocation time","417.653390","ms/op","400","2048"
"eu.prismacloud.primitives.grs.bench.IssuingBenchmark.SerializeGSBenchmark.issuing","Single shot invocation time","452.344480","ms/op","400","2048"
"eu.prismacloud.primitives.grs.bench.IssuingBenchmark.SerializeGSBenchmark.issuing","Single shot invocation time","475.477257","ms/op","400","2048"
"eu.prismacloud.primitives.grs.bench.IssuingBenchmark.SerializeGSBenchmark.issuing","Single shot invocation time","429.740904","ms/op","400","2048"
"eu.prismacloud.primitives.grs.bench.IssuingBenchmark.SerializeGSBenchmark.issuing","Single shot invocation time","467.112210","ms/op","400","2048"
"eu.prismacloud.primitives.grs.bench.IssuingBenchmark.SerializeGSBenchmark.issuing","Single shot invocation time","437.046108","ms/op","400","2048"
"eu.prismacloud.primitives.grs.bench.IssuingBenchmark.SerializeGSBenchmark.issuing","Single shot invocation time","436.933743","ms/op","400","2048"
"eu.prismacloud.primitives.grs.bench.IssuingBenchmark.SerializeGSBenchmark.issuing","Single shot invocation time","436.325972","ms/op","400","2048"
"eu.prismacloud.primitives.grs.bench.IssuingBenchmark.SerializeGSBenchmark.issuing","Single shot invocation time","451.750249","ms/op","400","2048"
"eu.prismacloud.primitives.grs.bench.IssuingBenchmark.SerializeGSBenchmark.issuing","Single shot invocation time","521.187590","ms/op","400","2048"
"eu.prismacloud.primitives.grs.bench.IssuingBenchmark.SerializeGSBenchmark.issuing","Single shot invocation time","472.536465","ms/op","400","2048"
"eu.prismacloud.primitives.grs.bench.IssuingBenchmark.SerializeGSBenchmark.issuing","Single shot invocation time","516.769212","ms/op","400","2048"
"eu.prismacloud.primitives.grs.bench.IssuingBenchmark.SerializeGSBenchmark.issuing","Single shot invocation time","518.950934","ms/op","400","2048"
"eu.prismacloud.primitives.grs.bench.IssuingBenchmark.SerializeGSBenchmark.issuing","Single shot invocation time","487.164584","ms/op","400","2048"
"eu.prismacloud.primitives.grs.bench.IssuingBenchmark.SerializeGSBenchmark.issuing","Single shot invocation time","446.547849","ms/op","400","2048"
"eu.prismacloud.primitives.grs.bench.IssuingBenchmark.SerializeGSBenchmark.issuing","Single shot invocation time","420.466326","ms/op","400","2048"
"eu.prismacloud.primitives.grs.bench.IssuingBenchmark.SerializeGSBenchmark.issuing","Single shot invocation time","509.923723","ms/op","400","2048"
"eu.prismacloud.primitives.grs.bench.IssuingBenchmark.SerializeGSBenchmark.issuing","Single shot invocation time","514.105373","ms/op","400","2048"
"eu.prismacloud.primitives.grs.bench.IssuingBenchmark.SerializeGSBenchmark.issuing","Single shot invocation time","459.011059","ms/op","400","2048"
"eu.prismacloud.primitives.grs.bench.IssuingBenchmark.SerializeGSBenchmark.issuing","Single shot invocation time","426.634954","ms/op","400","2048"
"eu.prismacloud.primitives.grs.bench.IssuingBenchmark.SerializeGSBenchmark.issuing","Single shot invocation time","422.440892","ms/op","400","2048"
"eu.prismacloud.primitives.grs.bench.IssuingBenchmark.SerializeGSBenchmark.issuing","Single shot invocation time","429.942553","ms/op","400","2048"
"eu.prismacloud.primitives.grs.bench.IssuingBenchmark.SerializeGSBenchmark.issuing","Single shot invocation time","414.748576","ms/op","400","2048"
"eu.prismacloud.primitives.grs.bench.IssuingBenchmark.SerializeGSBenchmark.issuing","Single shot invocation time","504.814602","ms/op","400","2048"
"eu.prismacloud.primitives.grs.bench.IssuingBenchmark.SerializeGSBenchmark.issuing","Single shot invocation time","535.902355","ms/op","400","2048"
"eu.prismacloud.primitives.grs.bench.IssuingBenchmark.SerializeGSBenchmark.issuing","Single shot invocation time","481.066865","ms/op","400","2048"
"eu.prismacloud.primitives.grs.bench.IssuingBenchmark.SerializeGSBenchmark.issuing","Single shot invocation time","489.806272","ms/op","400","2048"
"eu.prismacloud.primitives.grs.bench.IssuingBenchmark.SerializeGSBenchmark.issuing","Single shot invocation time","535.992125","ms/op","400","2048"
"eu.prismacloud.primitives.grs.bench.IssuingBenchmark.SerializeGSBenchmark.issuing","Single shot invocation time","434.925776","ms/op","400","2048"
"eu.prismacloud.primitives.grs.bench.IssuingBenchmark.SerializeGSBenchmark.issuing","Single shot invocation time","485.497943","ms/op","400","2048"
"eu.prismacloud.primitives.grs.bench.IssuingBenchmark.SerializeGSBenchmark.issuing","Single shot invocation time","459.699871","ms/op","400","2048"
"eu.prismacloud.primitives.grs.bench.IssuingBenchmark.SerializeGSBenchmark.issuing","Single shot invocation time","440.698571","ms/op","400","2048"
"eu.prismacloud.primitives.grs.bench.IssuingBenchmark.SerializeGSBenchmark.issuing","Single shot invocation time","528.537088","ms/op","400","2048"
"eu.prismacloud.primitives.grs.bench.IssuingBenchmark.SerializeGSBenchmark.issuing","Single shot invocation time","437.665910","ms/op","400","2048"
"eu.prismacloud.primitives.grs.bench.IssuingBenchmark.SerializeGSBenchmark.issuing","Single shot invocation time","426.701851","ms/op","400","2048"
"eu.prismacloud.primitives.grs.bench.IssuingBenchmark.SerializeGSBenchmark.issuing","Single shot invocation time","494.522353","ms/op","400","2048"
"eu.prismacloud.primitives.grs.bench.IssuingBenchmark.SerializeGSBenchmark.issuing","Single shot invocation time","492.162306","ms/op","400","2048"
"eu.prismacloud.primitives.grs.bench.IssuingBenchmark.SerializeGSBenchmark.issuing","Single shot invocation time","475.019587","ms/op","400","2048"
"eu.prismacloud.primitives.grs.bench.IssuingBenchmark.SerializeGSBenchmark.issuing","Single shot invocation time","515.586678","ms/op","400","2048"
"eu.prismacloud.primitives.grs.bench.IssuingBenchmark.SerializeGSBenchmark.issuing","Single shot invocation time","567.886647","ms/op","400","2048"
"eu.prismacloud.primitives.grs.bench.IssuingBenchmark.SerializeGSBenchmark.issuing","Single shot invocation time","528.940141","ms/op","400","2048"
"eu.prismacloud.primitives.grs.bench.IssuingBenchmark.SerializeGSBenchmark.issuing","Single shot invocation time","484.275123","ms/op","400","2048"
"eu.prismacloud.primitives.grs.bench.IssuingBenchmark.SerializeGSBenchmark.issuing","Single shot invocation time","583.135530","ms/op","400","2048"
"eu.prismacloud.primitives.grs.bench.IssuingBenchmark.SerializeGSBenchmark.issuing","Single shot invocation time","736.237782","ms/op","400","3072"
"eu.prismacloud.primitives.grs.bench.IssuingBenchmark.SerializeGSBenchmark.issuing","Single shot invocation time","660.118880","ms/op","400","3072"
"eu.prismacloud.primitives.grs.bench.IssuingBenchmark.SerializeGSBenchmark.issuing","Single shot invocation time","718.127059","ms/op","400","3072"
"eu.prismacloud.primitives.grs.bench.IssuingBenchmark.SerializeGSBenchmark.issuing","Single shot invocation time","804.428125","ms/op","400","3072"
"eu.prismacloud.primitives.grs.bench.IssuingBenchmark.SerializeGSBenchmark.issuing","Single shot invocation time","677.731851","ms/op","400","3072"
"eu.prismacloud.primitives.grs.bench.IssuingBenchmark.SerializeGSBenchmark.issuing","Single shot invocation time","759.445056","ms/op","400","3072"
"eu.prismacloud.primitives.grs.bench.IssuingBenchmark.SerializeGSBenchmark.issuing","Single shot invocation time","711.392641","ms/op","400","3072"
"eu.prismacloud.primitives.grs.bench.IssuingBenchmark.SerializeGSBenchmark.issuing","Single shot invocation time","707.769251","ms/op","400","3072"
"eu.prismacloud.primitives.grs.bench.IssuingBenchmark.SerializeGSBenchmark.issuing","Single shot invocation time","748.621625","ms/op","400","3072"
"eu.prismacloud.primitives.grs.bench.IssuingBenchmark.SerializeGSBenchmark.issuing","Single shot invocation time","764.724397","ms/op","400","3072"
"eu.prismacloud.primitives.grs.bench.IssuingBenchmark.SerializeGSBenchmark.issuing","Single shot invocation time","728.615798","ms/op","400","3072"
"eu.prismacloud.primitives.grs.bench.IssuingBenchmark.SerializeGSBenchmark.issuing","Single shot invocation time","688.855718","ms/op","400","3072"
"eu.prismacloud.primitives.grs.bench.IssuingBenchmark.SerializeGSBenchmark.issuing","Single shot invocation time","688.521471","ms/op","400","3072"
"eu.prismacloud.primitives.grs.bench.IssuingBenchmark.SerializeGSBenchmark.issuing","Single shot invocation time","794.690446","ms/op","400","3072"
"eu.prismacloud.primitives.grs.bench.IssuingBenchmark.SerializeGSBenchmark.issuing","Single shot invocation time","750.756556","ms/op","400","3072"
"eu.prismacloud.primitives.grs.bench.IssuingBenchmark.SerializeGSBenchmark.issuing","Single shot invocation time","867.688065","ms/op","400","3072"
"eu.prismacloud.primitives.grs.bench.IssuingBenchmark.SerializeGSBenchmark.issuing","Single shot invocation time","753.727522","ms/op","400","3072"
"eu.prismacloud.primitives.grs.bench.IssuingBenchmark.SerializeGSBenchmark.issuing","Single shot invocation time","693.472975","ms/op","400","3072"
"eu.prismacloud.primitives.grs.bench.IssuingBenchmark.SerializeGSBenchmark.issuing","Single shot invocation time","747.028031","ms/op","400","3072"
"eu.prismacloud.primitives.grs.bench.IssuingBenchmark.SerializeGSBenchmark.issuing","Single shot invocation time","749.357154","ms/op","400","3072"
"eu.prismacloud.primitives.grs.bench.IssuingBenchmark.SerializeGSBenchmark.issuing","Single shot invocation time","717.155131","ms/op","400","3072"
"eu.prismacloud.primitives.grs.bench.IssuingBenchmark.SerializeGSBenchmark.issuing","Single shot invocation time","719.396250","ms/op","400","3072"
"eu.prismacloud.primitives.grs.bench.IssuingBenchmark.SerializeGSBenchmark.issuing","Single shot invocation time","765.484874","ms/op","400","3072"
"eu.prismacloud.primitives.grs.bench.IssuingBenchmark.SerializeGSBenchmark.issuing","Single shot invocation time","720.687361","ms/op","400","3072"
"eu.prismacloud.primitives.grs.bench.IssuingBenchmark.SerializeGSBenchmark.issuing","Single shot invocation time","783.753360","ms/op","400","3072"
"eu.prismacloud.primitives.grs.bench.IssuingBenchmark.SerializeGSBenchmark.issuing","Single shot invocation time","704.493693","ms/op","400","3072"
"eu.prismacloud.primitives.grs.bench.IssuingBenchmark.SerializeGSBenchmark.issuing","Single shot invocation time","743.056890","ms/op","400","3072"
"eu.prismacloud.primitives.grs.bench.IssuingBenchmark.SerializeGSBenchmark.issuing","Single shot invocation time","761.629088","ms/op","400","3072"
"eu.prismacloud.primitives.grs.bench.IssuingBenchmark.SerializeGSBenchmark.issuing","Single shot invocation time","744.831407","ms/op","400","3072"
"eu.prismacloud.primitives.grs.bench.IssuingBenchmark.SerializeGSBenchmark.issuing","Single shot invocation time","739.890643","ms/op","400","3072"
"eu.prismacloud.primitives.grs.bench.IssuingBenchmark.SerializeGSBenchmark.issuing","Single shot invocation time","797.874013","ms/op","400","3072"
"eu.prismacloud.primitives.grs.bench.IssuingBenchmark.SerializeGSBenchmark.issuing","Single shot invocation time","747.939514","ms/op","400","3072"
"eu.prismacloud.primitives.grs.bench.IssuingBenchmark.SerializeGSBenchmark.issuing","Single shot invocation time","706.485610","ms/op","400","3072"
"eu.prismacloud.primitives.grs.bench.IssuingBenchmark.SerializeGSBenchmark.issuing","Single shot invocation time","731.444134","ms/op","400","3072"
"eu.prismacloud.primitives.grs.bench.IssuingBenchmark.SerializeGSBenchmark.issuing","Single shot invocation time","805.688006","ms/op","400","3072"
"eu.prismacloud.primitives.grs.bench.IssuingBenchmark.SerializeGSBenchmark.issuing","Single shot invocation time","672.401184","ms/op","400","3072"
"eu.prismacloud.primitives.grs.bench.IssuingBenchmark.SerializeGSBenchmark.issuing","Single shot invocation time","706.026270","ms/op","400","3072"
"eu.prismacloud.primitives.grs.bench.IssuingBenchmark.SerializeGSBenchmark.issuing","Single shot invocation time","684.717572","ms/op","400","3072"
"eu.prismacloud.primitives.grs.bench.IssuingBenchmark.SerializeGSBenchmark.issuing","Single shot invocation time","753.163979","ms/op","400","3072"
"eu.prismacloud.primitives.grs.bench.IssuingBenchmark.SerializeGSBenchmark.issuing","Single shot invocation time","724.847084","ms/op","400","3072"
"eu.prismacloud.primitives.grs.bench.IssuingBenchmark.SerializeGSBenchmark.issuing","Single shot invocation time","695.893507","ms/op","400","3072"
"eu.prismacloud.primitives.grs.bench.IssuingBenchmark.SerializeGSBenchmark.issuing","Single shot invocation time","702.503926","ms/op","400","3072"
"eu.prismacloud.primitives.grs.bench.IssuingBenchmark.SerializeGSBenchmark.issuing","Single shot invocation time","795.282930","ms/op","400","3072"
"eu.prismacloud.primitives.grs.bench.IssuingBenchmark.SerializeGSBenchmark.issuing","Single shot invocation time","765.979414","ms/op","400","3072"
"eu.prismacloud.primitives.grs.bench.IssuingBenchmark.SerializeGSBenchmark.issuing","Single shot invocation time","770.346422","ms/op","400","3072"
"eu.prismacloud.primitives.grs.bench.IssuingBenchmark.SerializeGSBenchmark.issuing","Single shot invocation time","690.045963","ms/op","400","3072"
"eu.prismacloud.primitives.grs.bench.IssuingBenchmark.SerializeGSBenchmark.issuing","Single shot invocation time","734.402137","ms/op","400","3072"
"eu.prismacloud.primitives.grs.bench.IssuingBenchmark.SerializeGSBenchmark.issuing","Single shot invocation time","759.857715","ms/op","400","3072"
"eu.prismacloud.primitives.grs.bench.IssuingBenchmark.SerializeGSBenchmark.issuing","Single shot invocation time","687.273232","ms/op","400","3072"
"eu.prismacloud.primitives.grs.bench.IssuingBenchmark.SerializeGSBenchmark.issuing","Single shot invocation time","696.545183","ms/op","400","3072"
"eu.prismacloud.primitives.grs.bench.IssuingBenchmark.SerializeGSBenchmark.issuing","Single shot invocation time","708.055146","ms/op","400","3072"
"eu.prismacloud.primitives.grs.bench.IssuingBenchmark.SerializeGSBenchmark.issuing","Single shot invocation time","751.927945","ms/op","400","3072"
"eu.prismacloud.primitives.grs.bench.IssuingBenchmark.SerializeGSBenchmark.issuing","Single shot invocation time","680.733951","ms/op","400","3072"
"eu.prismacloud.primitives.grs.bench.IssuingBenchmark.SerializeGSBenchmark.issuing","Single shot invocation time","809.801359","ms/op","400","3072"
"eu.prismacloud.primitives.grs.bench.IssuingBenchmark.SerializeGSBenchmark.issuing","Single shot invocation time","692.875472","ms/op","400","3072"
"eu.prismacloud.primitives.grs.bench.IssuingBenchmark.SerializeGSBenchmark.issuing","Single shot invocation time","750.429295","ms/op","400","3072"
"eu.prismacloud.primitives.grs.bench.IssuingBenchmark.SerializeGSBenchmark.issuing","Single shot invocation time","669.973095","ms/op","400","3072"
"eu.prismacloud.primitives.grs.bench.IssuingBenchmark.SerializeGSBenchmark.issuing","Single shot invocation time","700.324134","ms/op","400","3072"
"eu.prismacloud.primitives.grs.bench.IssuingBenchmark.SerializeGSBenchmark.issuing","Single shot invocation time","679.191358","ms/op","400","3072"
"eu.prismacloud.primitives.grs.bench.IssuingBenchmark.SerializeGSBenchmark.issuing","Single shot invocation time","792.915674","ms/op","400","3072"
"eu.prismacloud.primitives.grs.bench.IssuingBenchmark.SerializeGSBenchmark.issuing","Single shot invocation time","791.298753","ms/op","400","3072"
"eu.prismacloud.primitives.grs.bench.IssuingBenchmark.SerializeGSBenchmark.issuing","Single shot invocation time","705.441089","ms/op","400","3072"
"eu.prismacloud.primitives.grs.bench.IssuingBenchmark.SerializeGSBenchmark.issuing","Single shot invocation time","694.220617","ms/op","400","3072"
"eu.prismacloud.primitives.grs.bench.IssuingBenchmark.SerializeGSBenchmark.issuing","Single shot invocation time","737.783445","ms/op","400","3072"
"eu.prismacloud.primitives.grs.bench.IssuingBenchmark.SerializeGSBenchmark.issuing","Single shot invocation time","708.369371","ms/op","400","3072"
"eu.prismacloud.primitives.grs.bench.IssuingBenchmark.SerializeGSBenchmark.issuing","Single shot invocation time","758.506068","ms/op","400","3072"
"eu.prismacloud.primitives.grs.bench.IssuingBenchmark.SerializeGSBenchmark.issuing","Single shot invocation time","820.987447","ms/op","400","3072"
"eu.prismacloud.primitives.grs.bench.IssuingBenchmark.SerializeGSBenchmark.issuing","Single shot invocation time","683.957144","ms/op","400","3072"
"eu.prismacloud.primitives.grs.bench.IssuingBenchmark.SerializeGSBenchmark.issuing","Single shot invocation time","710.627104","ms/op","400","3072"
"eu.prismacloud.primitives.grs.bench.IssuingBenchmark.SerializeGSBenchmark.issuing","Single shot invocation time","734.733789","ms/op","400","3072"
"eu.prismacloud.primitives.grs.bench.IssuingBenchmark.SerializeGSBenchmark.issuing","Single shot invocation time","721.887668","ms/op","400","3072"
"eu.prismacloud.primitives.grs.bench.IssuingBenchmark.SerializeGSBenchmark.issuing","Single shot invocation time","686.923789","ms/op","400","3072"
"eu.prismacloud.primitives.grs.bench.IssuingBenchmark.SerializeGSBenchmark.issuing","Single shot invocation time","696.961623","ms/op","400","3072"
"eu.prismacloud.primitives.grs.bench.IssuingBenchmark.SerializeGSBenchmark.issuing","Single shot invocation time","691.964777","ms/op","400","3072"
"eu.prismacloud.primitives.grs.bench.IssuingBenchmark.SerializeGSBenchmark.issuing","Single shot invocation time","668.106838","ms/op","400","3072"
"eu.prismacloud.primitives.grs.bench.IssuingBenchmark.SerializeGSBenchmark.issuing","Single shot invocation time","696.116044","ms/op","400","3072"
"eu.prismacloud.primitives.grs.bench.IssuingBenchmark.SerializeGSBenchmark.issuing","Single shot invocation time","725.787927","ms/op","400","3072"
"eu.prismacloud.primitives.grs.bench.IssuingBenchmark.SerializeGSBenchmark.issuing","Single shot invocation time","772.532679","ms/op","400","3072"
"eu.prismacloud.primitives.grs.bench.IssuingBenchmark.SerializeGSBenchmark.issuing","Single shot invocation time","756.966620","ms/op","400","3072"
"eu.prismacloud.primitives.grs.bench.IssuingBenchmark.SerializeGSBenchmark.issuing","Single shot invocation time","743.247549","ms/op","400","3072"
"eu.prismacloud.primitives.grs.bench.IssuingBenchmark.SerializeGSBenchmark.issuing","Single shot invocation time","776.621338","ms/op","400","3072"
"eu.prismacloud.primitives.grs.bench.IssuingBenchmark.SerializeGSBenchmark.issuing","Single shot invocation time","814.162112","ms/op","400","3072"
"eu.prismacloud.primitives.grs.bench.IssuingBenchmark.SerializeGSBenchmark.issuing","Single shot invocation time","729.941804","ms/op","400","3072"
"eu.prismacloud.primitives.grs.bench.IssuingBenchmark.SerializeGSBenchmark.issuing","Single shot invocation time","696.230113","ms/op","400","3072"
"eu.prismacloud.primitives.grs.bench.IssuingBenchmark.SerializeGSBenchmark.issuing","Single shot invocation time","690.976792","ms/op","400","3072"
"eu.prismacloud.primitives.grs.bench.IssuingBenchmark.SerializeGSBenchmark.issuing","Single shot invocation time","788.163050","ms/op","400","3072"
"eu.prismacloud.primitives.grs.bench.IssuingBenchmark.SerializeGSBenchmark.issuing","Single shot invocation time","718.267458","ms/op","400","3072"
"eu.prismacloud.primitives.grs.bench.IssuingBenchmark.SerializeGSBenchmark.issuing","Single shot invocation time","736.275402","ms/op","400","3072"
"eu.prismacloud.primitives.grs.bench.IssuingBenchmark.SerializeGSBenchmark.issuing","Single shot invocation time","695.110559","ms/op","400","3072"
"eu.prismacloud.primitives.grs.bench.IssuingBenchmark.SerializeGSBenchmark.issuing","Single shot invocation time","716.175340","ms/op","400","3072"
"eu.prismacloud.primitives.grs.bench.IssuingBenchmark.SerializeGSBenchmark.issuing","Single shot invocation time","753.113698","ms/op","400","3072"
"eu.prismacloud.primitives.grs.bench.IssuingBenchmark.SerializeGSBenchmark.issuing","Single shot invocation time","734.932603","ms/op","400","3072"
"eu.prismacloud.primitives.grs.bench.IssuingBenchmark.SerializeGSBenchmark.issuing","Single shot invocation time","820.222868","ms/op","400","3072"
"eu.prismacloud.primitives.grs.bench.IssuingBenchmark.SerializeGSBenchmark.issuing","Single shot invocation time","698.769971","ms/op","400","3072"
"eu.prismacloud.primitives.grs.bench.IssuingBenchmark.SerializeGSBenchmark.issuing","Single shot invocation time","673.325962","ms/op","400","3072"
"eu.prismacloud.primitives.grs.bench.IssuingBenchmark.SerializeGSBenchmark.issuing","Single shot invocation time","767.669280","ms/op","400","3072"
"eu.prismacloud.primitives.grs.bench.IssuingBenchmark.SerializeGSBenchmark.issuing","Single shot invocation time","749.575846","ms/op","400","3072"
"eu.prismacloud.primitives.grs.bench.IssuingBenchmark.SerializeGSBenchmark.issuing","Single shot invocation time","803.476272","ms/op","400","3072"
"eu.prismacloud.primitives.grs.bench.IssuingBenchmark.SerializeGSBenchmark.issuing","Single shot invocation time","697.324926","ms/op","400","3072"
"eu.prismacloud.primitives.grs.bench.IssuingBenchmark.SerializeGSBenchmark.issuing","Single shot invocation time","795.388923","ms/op","400","3072"
